givid,id,family,sire,dam,sex,weight,length,kfactor5,BW,lice+1,logeLC,LC+1/BW,logeLD,logeweight,log10weight,logelength,log10length,logekfactor5,log10kfactor5
10,J292A_0521,1,J243_0300,J243_2275,NA,115,220,1.080015,23.64823,9,2.197226,0.380578,-0.96606,4.744935,2.060698,5.393631,2.342423,0.076975,0.03343
6,J292A_0502,3,J243_0951,J243_0195,NA,60,190,0.874763,15.32619,15,2.708052,0.978717,-0.02151,4.094347,1.778151,5.247028,2.278754,-0.1338,-0.05811
13,J292A_0646,4,J243_2791,J243_2822,NA,120,220,1.126972,24.32881,11,2.397897,0.452139,-0.79377,4.787495,2.079181,5.393631,2.342423,0.119534,0.051913
16,J292A_0689,8,J243_0098,J243_0206,NA,54.1,180,0.927641,14.30424,7,1.945911,0.489365,-0.71465,3.990837,1.733197,5.19296,2.255273,-0.07511,-0.03262
