givid,id,family,sire,dam,sex,weight,length,kfactor5,BW,lice+1,logeLC,LC+1/BW,logeLD,logeweight,log10weight,logelength,log10length,logekfactor5,log10kfactor5
9,J292A_0520,1,J243_1974,J243_3530,NA,73.1,190,1.065753,17.48282,16,2.772591,0.915184,-0.08863,4.291831,1.863917,5.247028,2.278754,0.063682,0.027657
5,J292A_0434,3,J243_2703,J243_1216,NA,77.4,205,0.89842,18.16187,28,3.332207,1.541691,0.43288,4.34899,1.888741,5.323014,2.311754,-0.10712,-0.04652
13,J292A_0646,4,J243_2791,J243_2822,NA,120,220,1.126972,24.32881,11,2.397897,0.452139,-0.79377,4.787495,2.079181,5.393631,2.342423,0.119534,0.051913
15,J292A_0685,8,J243_0300,J243_0965,NA,94,220,0.882795,20.67372,28,3.332207,1.354377,0.303342,4.543298,1.973128,5.393631,2.342423,-0.12466,-0.05414
