givid,id,family,sire,dam,sex,weight,length,kfactor5,BW,lice+1,logeLC,LC+1/BW,logeLD,logeweight,log10weight,logelength,log10length,logekfactor5,log10kfactor5
1,J292A_0103,1,J243_2816,J243_1013,NA,53.1,180,0.910494,14.12743,13,2.564951,0.920196,-0.08317,3.97218,1.725095,5.19296,2.255273,-0.09377,-0.04072
6,J292A_0502,3,J243_0951,J243_0195,NA,60,190,0.874763,15.32619,15,2.708052,0.978717,-0.02151,4.094347,1.778151,5.247028,2.278754,-0.1338,-0.05811
13,J292A_0646,4,J243_2791,J243_2822,NA,120,220,1.126972,24.32881,11,2.397897,0.452139,-0.79377,4.787495,2.079181,5.393631,2.342423,0.119534,0.051913
15,J292A_0685,8,J243_0300,J243_0965,NA,94,220,0.882795,20.67372,28,3.332207,1.354377,0.303342,4.543298,1.973128,5.393631,2.342423,-0.12466,-0.05414
