givid,id,family,sire,dam,sex,weight,length,kfactor5,BW,lice+1,logeLC,LC+1/BW,logeLD,logeweight,log10weight,logelength,log10length,logekfactor5,log10kfactor5
4,J292A_0340,1,J243_3125,J243_1695,NA,85.7,200,1.07125,19.4381,20,2.995734,1.028907,0.028497,4.450856,1.932981,5.298321,2.30103,0.068826,0.029891
7,J292A_0505,4,J243_1716,J243_0087,NA,117.2,225,1.028916,23.94887,20,2.995734,0.835112,-0.18019,4.763885,2.068928,5.416104,2.352183,0.028506,0.01238
