givid,id,family,sire,dam,sex,weight,length,kfactor5,BW,lice+1,logeLC,LC+1/BW,logeLD,logeweight,log10weight,logelength,log10length,logekfactor5,log10kfactor5
4,J292A_0340,1,J243_3125,J243_1695,NA,85.7,200,1.07125,19.4381,20,2.995734,1.028907,0.028497,4.450856,1.932981,5.298321,2.30103,0.068826,0.029891
5,J292A_0434,3,J243_2703,J243_1216,NA,77.4,205,0.89842,18.16187,28,3.332207,1.541691,0.43288,4.34899,1.888741,5.323014,2.311754,-0.10712,-0.04652
7,J292A_0505,4,J243_1716,J243_0087,NA,117.2,225,1.028916,23.94887,20,2.995734,0.835112,-0.18019,4.763885,2.068928,5.416104,2.352183,0.028506,0.01238
15,J292A_0685,8,J243_0300,J243_0965,NA,94,220,0.882795,20.67372,28,3.332207,1.354377,0.303342,4.543298,1.973128,5.393631,2.342423,-0.12466,-0.05414
