givid,id,family,sire,dam,sex,weight,length,kfactor5,BW,lice+1,logeLC,LC+1/BW,logeLD,logeweight,log10weight,logelength,log10length,logekfactor5,log10kfactor5
1,J292A_0103,1,J243_2816,J243_1013,NA,53.1,180,0.910494,14.12743,13,2.564951,0.920196,-0.08317,3.97218,1.725095,5.19296,2.255273,-0.09377,-0.04072
5,J292A_0434,3,J243_2703,J243_1216,NA,77.4,205,0.89842,18.16187,28,3.332207,1.541691,0.43288,4.34899,1.888741,5.323014,2.311754,-0.10712,-0.04652
8,J292A_0510,4,J243_0054,J243_1052,NA,143,230,1.17531,27.3458,18,2.890374,0.658236,-0.41819,4.962848,2.155336,5.438083,2.361728,0.161532,0.070152
15,J292A_0685,8,J243_0300,J243_0965,NA,94,220,0.882795,20.67372,28,3.332207,1.354377,0.303342,4.543298,1.973128,5.393631,2.342423,-0.12466,-0.05414
