givid,id,family,sire,dam,sex,weight,length,kfactor5,BW,lice+1,logeLC,LC+1/BW,logeLD,logeweight,log10weight,logelength,log10length,logekfactor5,log10kfactor5
1,J292A_0103,1,J243_2816,J243_1013,NA,53.1,180,0.910494,14.12743,13,2.564951,0.920196,-0.08317,3.97218,1.725095,5.19296,2.255273,-0.09377,-0.04072
5,J292A_0434,3,J243_2703,J243_1216,NA,77.4,205,0.89842,18.16187,28,3.332207,1.541691,0.43288,4.34899,1.888741,5.323014,2.311754,-0.10712,-0.04652
7,J292A_0505,4,J243_1716,J243_0087,NA,117.2,225,1.028916,23.94887,20,2.995734,0.835112,-0.18019,4.763885,2.068928,5.416104,2.352183,0.028506,0.01238
16,J292A_0689,8,J243_0098,J243_0206,NA,54.1,180,0.927641,14.30424,7,1.945911,0.489365,-0.71465,3.990837,1.733197,5.19296,2.255273,-0.07511,-0.03262
