givid,id,family,sire,dam,sex,weight,length,kfactor5,BW,lice+1,logeLC,LC+1/BW,logeLD,logeweight,log10weight,logelength,log10length,logekfactor5,log10kfactor5
19,J292A_0787,11,J243_1469,J243_1408,NA,71.5,200,0.89375,17.22678,10,2.302587,0.580492,-0.54388,4.2697,1.854306,5.298321,2.30103,-0.11233,-0.04878
2,J292A_0113,2,J243_0300,J243_2275,NA,90.5,205,1.050478,20.1573,11,2.397897,0.545708,-0.60567,4.505353,1.956649,5.323014,2.311754,0.049245,0.021387
18,J292A_0740,6,J243_3125,J243_2929,NA,72,190,1.049716,17.30699,10,2.302587,0.577801,-0.54853,4.276669,1.857333,5.247028,2.278754,0.04852,0.021072
11,J292A_0610,12,J243_1137,J243_1221,NA,121,225,1.062277,24.46378,20,2.995734,0.817535,-0.20146,4.795794,2.082785,5.416104,2.352183,0.060415,0.026238
17,J292A_0710,7,J243_1450,J243_2214,NA,55.8,180,0.95679,14.60235,17,2.833215,1.164196,0.152031,4.021777,1.746634,5.19296,2.255273,-0.04417,-0.01918
