givid,id,family,sire,dam,sex,weight,length,kfactor5,BW,lice+1,logeLC,LC+1/BW,logeLD,logeweight,log10weight,logelength,log10length,logekfactor5,log10kfactor5
2,J292A_0113,2,J243_0300,J243_2275,NA,90.5,205,1.050478,20.1573,11,2.397897,0.545708,-0.60567,4.505353,1.956649,5.323014,2.311754,0.049245,0.021387
12,J292A_0637,13,J243_0098,J243_2893,NA,124,220,1.164538,24.86649,18,2.890374,0.723866,-0.32315,4.820285,2.093422,5.393631,2.342423,0.152325,0.066154
5,J292A_0434,3,J243_2703,J243_1216,NA,77.4,205,0.89842,18.16187,28,3.332207,1.541691,0.43288,4.34899,1.888741,5.323014,2.311754,-0.10712,-0.04652
6,J292A_0502,3,J243_0951,J243_0195,NA,60,190,0.874763,15.32619,15,2.708052,0.978717,-0.02151,4.094347,1.778151,5.247028,2.278754,-0.1338,-0.05811
17,J292A_0710,7,J243_1450,J243_2214,NA,55.8,180,0.95679,14.60235,17,2.833215,1.164196,0.152031,4.021777,1.746634,5.19296,2.255273,-0.04417,-0.01918
