givid,id,family,sire,dam,sex,weight,length,kfactor5,BW,lice+1,logeLC,LC+1/BW,logeLD,logeweight,log10weight,logelength,log10length,logekfactor5,log10kfactor5
19,J292A_0787,11,J243_1469,J243_1408,NA,71.5,200,0.89375,17.22678,10,2.302587,0.580492,-0.54388,4.2697,1.854306,5.298321,2.30103,-0.11233,-0.04878
15,J292A_0685,8,J243_0300,J243_0965,NA,94,220,0.882795,20.67372,28,3.332207,1.354377,0.303342,4.543298,1.973128,5.393631,2.342423,-0.12466,-0.05414
16,J292A_0689,8,J243_0098,J243_0206,NA,54.1,180,0.927641,14.30424,7,1.945911,0.489365,-0.71465,3.990837,1.733197,5.19296,2.255273,-0.07511,-0.03262
2,J292A_0113,2,J243_0300,J243_2275,NA,90.5,205,1.050478,20.1573,11,2.397897,0.545708,-0.60567,4.505353,1.956649,5.323014,2.311754,0.049245,0.021387
18,J292A_0740,6,J243_3125,J243_2929,NA,72,190,1.049716,17.30699,10,2.302587,0.577801,-0.54853,4.276669,1.857333,5.247028,2.278754,0.04852,0.021072
