givid,id,family,sire,dam,sex,weight,length,kfactor5,BW,lice+1,logeLC,LC+1/BW,logeLD,logeweight,log10weight,logelength,log10length,logekfactor5,log10kfactor5
7,J292A_0505,4,J243_1716,J243_0087,NA,117.2,225,1.028916,23.94887,20,2.995734,0.835112,-0.18019,4.763885,2.068928,5.416104,2.352183,0.028506,0.01238
8,J292A_0510,4,J243_0054,J243_1052,NA,143,230,1.17531,27.3458,18,2.890374,0.658236,-0.41819,4.962848,2.155336,5.438083,2.361728,0.161532,0.070152
13,J292A_0646,4,J243_2791,J243_2822,NA,120,220,1.126972,24.32881,11,2.397897,0.452139,-0.79377,4.787495,2.079181,5.393631,2.342423,0.119534,0.051913
5,J292A_0434,3,J243_2703,J243_1216,NA,77.4,205,0.89842,18.16187,28,3.332207,1.541691,0.43288,4.34899,1.888741,5.323014,2.311754,-0.10712,-0.04652
6,J292A_0502,3,J243_0951,J243_0195,NA,60,190,0.874763,15.32619,15,2.708052,0.978717,-0.02151,4.094347,1.778151,5.247028,2.278754,-0.1338,-0.05811
